﻿<?xml version="1.0" encoding="utf-8"?><meta xmlns:xsd="http://www.w3.org/2001/XMLSchema" xmlns:xsi="http://www.w3.org/2001/XMLSchema-instance"><project id="6gotyqwSbwU" courseid="CS-LXE CS 1.1" thumburl="story_content/thumbnail.jpg" title="Segment 2.3 - Drag &amp; Drop Activity Instructions" datepublished="2025-06-05T20:09:21" version="1.0.0.0" flashdata="story_content/data.swf" html5data="mobile/data.json" mobiledata="mobile/data.gz" enabledownload="false" duration="About 5 seconds" totalaudio="0" totalvideo="0"><description>A storyboard of hover-over elements to show each step to complete the exercise</description><keywords>systems science, systems thinking, complexity science</keywords><slidemeta moniker="slide" monikerplural="slides" viewslides="1" slidecountdescription="1 slide" /><author name="admin" email="" website="" /><application name="Articulate Storyline" version="3.100.34725.0" xmlversion="4.0" /></project></meta>